CLASS,BOYS,GIRLS,TOTAL,T-weight (BOYS),D-weight (BOYS),T-weight (GIRLS),D-weight (GIRLS)
ASUS,18,12,30,0.3,0.6,0.24,0.4
ACER,22,15,37,0.36666666666666664,0.5945945945945946,0.3,0.40540540540540543
APPLE,20,23,43,0.3333333333333333,0.46511627906976744,0.46,0.5348837209302325
Total,60,50,110,1.0,-,1.0,-