attribute,gain,gini
Outlook,0.24674981977443933,0.34285714285714286
Temperature,0.02922256565895487,0.44047619047619047
Humidity,0.15183550136234159,0.3673469387755103
Windy,0.04812703040826949,0.42857142857142855
