Advertising_Spend,Sales_Revenue,Predicted
10.0,25.0,29.590909090909093
15.0,35.0,36.58181818181818
20.0,45.0,43.57272727272728
25.0,52.0,50.56363636363636
30.0,60.0,57.554545454545455
35.0,66.0,64.54545454545455
40.0,75.0,71.53636363636363
45.0,80.0,78.52727272727273
50.0,85.0,85.51818181818182
55.0,92.0,92.50909090909092
60.0,95.0,99.5
